Year,Crimes,Per Capita (100K)
2015,263909,9774.407407407407
2016,268775,9954.62962962963
2017,267730,9915.925925925925
2018,212819,7882.185185185185
